{"ma50":19.66,"final_ma50":19.66,"eval_std":6.993568473962345,"eval_mean":18.7,"_wandb":{"runtime":4},"_timestamp":1.7636890368248794e+09,"train_time_s":3.5552659034729004,"_runtime":4,"reward":14,"final_reward":14,"_step":800,"episode":799}